plataforma,email,senha_teste,status_mock,status_esperado,criado_em
combo_exemplo,usuario001@exemplo.test,abcdefgh1,inativo,,2026-10-08T15:08:08
combo_exemplo,usuario002@exemplo.test,senha2,inativo,,2026-10-08T15:08:08
combo_exemplo,usuario003@exemplo.test,Pw3!,inativo,,2026-10-08T15:08:08
combo_exemplo,usuario004@exemplo.test,444,inativo,,2026-10-08T15:08:08
combo_exemplo,usuario005@exemplo.test,SenhaTeste005!,ativo,,2026-10-08T15:08:08
combo_exemplo,usuario006@exemplo.test,SenhaTeste006!,ativo,,2026-10-08T15:08:08
combo_exemplo,usuario007@exemplo.test,SegurancaForte007#,ativo,,2026-10-08T15:08:08
combo_exemplo,usuario008@exemplo.test,SenhaTeste008!,ativo,,2026-10-08T15:08:08
combo_exemplo,usuario009@exemplo.test,abcdefgh9,inativo,,2026-10-08T15:08:08
combo_exemplo,usuario010@exemplo.test,SegurancaForte010#,ativo,,2026-10-08T15:08:08
combo_exemplo,usuario011@exemplo.test,SenhaTeste011!,ativo,,2026-10-08T15:08:08
combo_exemplo,usuario012@exemplo.test,SegurancaForte012#,ativo,,2026-10-08T15:08:08
combo_exemplo,usuario013@exemplo.test,senha13,inativo,,2026-10-08T15:08:08
combo_exemplo,usuario014@exemplo.test,SenhaTeste014!,ativo,,2026-10-08T15:08:08
combo_exemplo,usuario015@exemplo.test,SenhaTeste015!,ativo,,2026-10-08T15:08:08
combo_exemplo,usuario016@exemplo.test,Pw16!,inativo,,2026-10-08T15:08:08
combo_exemplo,usuario017@exemplo.test,Pw17!,inativo,,2026-10-08T15:08:08
combo_exemplo,usuario018@exemplo.test,SenhaTeste018!,ativo,,2026-10-08T15:08:08
combo_exemplo,usuario019@exemplo.test,senha19,inativo,,2026-10-08T15:08:08
combo_exemplo,usuario020@exemplo.test,SenhaTeste020!,ativo,,2026-10-08T15:08:08
combo_exemplo,usuario021@exemplo.test,SegurancaForte021#,ativo,,2026-10-08T15:08:08
combo_exemplo,usuario022@exemplo.test,Pw22!,inativo,,2026-10-08T15:08:08
combo_exemplo,usuario023@exemplo.test,SenhaTeste023!,ativo,,2026-10-08T15:08:08
combo_exemplo,usuario024@exemplo.test,SegurancaForte024#,ativo,,2026-10-08T15:08:08
combo_exemplo,usuario025@exemplo.test,SenhaTeste025!,ativo,,2026-10-08T15:08:08
combo_exemplo,usuario026@exemplo.test,senha26,inativo,,2026-10-08T15:08:08
combo_exemplo,usuario027@exemplo.test,272727,inativo,,2026-10-08T15:08:08
combo_exemplo,usuario028@exemplo.test,282828,inativo,,2026-10-08T15:08:08
combo_exemplo,usuario029@exemplo.test,SegurancaForte029#,ativo,,2026-10-08T15:08:08
combo_exemplo,usuario030@exemplo.test,SenhaTeste030!,ativo,,2026-10-08T15:08:08
combo_exemplo,usuario031@exemplo.test,SegurancaForte031#,ativo,,2026-10-08T15:08:08
combo_exemplo,usuario032@exemplo.test,SegurancaForte032#,ativo,,2026-10-08T15:08:08
combo_exemplo,usuario033@exemplo.test,Pw33!,inativo,,2026-10-08T15:08:08
combo_exemplo,usuario034@exemplo.test,SenhaTeste034!,ativo,,2026-10-08T15:08:08
combo_exemplo,usuario035@exemplo.test,senha35,inativo,,2026-10-08T15:08:08
combo_exemplo,usuario036@exemplo.test,SenhaTeste036!,ativo,,2026-10-08T15:08:08
combo_exemplo,usuario037@exemplo.test,SegurancaForte037#,ativo,,2026-10-08T15:08:08
combo_exemplo,usuario038@exemplo.test,senha38,inativo,,2026-10-08T15:08:08
combo_exemplo,usuario039@exemplo.test,abcdefgh39,inativo,,2026-10-08T15:08:08
combo_exemplo,usuario040@exemplo.test,Pw40!,inativo,,2026-10-08T15:08:08
combo_exemplo,usuario041@exemplo.test,senha41,inativo,,2026-10-08T15:08:08
combo_exemplo,usuario042@exemplo.test,SegurancaForte042#,ativo,,2026-10-08T15:08:08
combo_exemplo,usuario043@exemplo.test,SenhaTeste043!,ativo,,2026-10-08T15:08:08
combo_exemplo,usuario044@exemplo.test,SegurancaForte044#,ativo,,2026-10-08T15:08:08
combo_exemplo,usuario045@exemplo.test,abcdefgh45,inativo,,2026-10-08T15:08:08
combo_exemplo,usuario046@exemplo.test,SegurancaForte046#,ativo,,2026-10-08T15:08:08
combo_exemplo,usuario047@exemplo.test,474747,inativo,,2026-10-08T15:08:08
combo_exemplo,usuario048@exemplo.test,senha48,inativo,,2026-10-08T15:08:08
combo_exemplo,usuario049@exemplo.test,SenhaTeste049!,ativo,,2026-10-08T15:08:08
combo_exemplo,usuario050@exemplo.test,SegurancaForte050#,ativo,,2026-10-08T15:08:08
